<?xml version="1.0" encoding="UTF-8"?>
<GenRun Id="impl_1" LaunchPart="xc7a35tcpg236-1" LaunchTime="1664735712">
  <File Type="BITSTR-BMM" Name="lab02_bd.bmm"/>
  <File Type="OPT-METHODOLOGY-DRC" Name="lab02_methodology_drc_opted.rpt"/>
  <File Type="INIT-TIMING" Name="lab02_timing_summary_init.rpt"/>
  <File Type="ROUTE-PWR" Name="lab02_power_routed.rpt"/>
  <File Type="PA-TCL" Name="lab02.tcl"/>
  <File Type="OPT-TIMING" Name="lab02_timing_summary_opted.rpt"/>
  <File Type="OPT-DCP" Name="lab02_opt.dcp"/>
  <File Type="ROUTE-PWR-SUM" Name="lab02_power_summary_routed.pb"/>
  <File Type="REPORTS-TCL" Name="lab02_reports.tcl"/>
  <File Type="OPT-DRC" Name="lab02_drc_opted.rpt"/>
  <File Type="OPT-HWDEF" Name="lab02.hwdef"/>
  <File Type="PWROPT-DCP" Name="lab02_pwropt.dcp"/>
  <File Type="PWROPT-DRC" Name="lab02_drc_pwropted.rpt"/>
  <File Type="PWROPT-TIMING" Name="lab02_timing_summary_pwropted.rpt"/>
  <File Type="PLACE-DCP" Name="lab02_placed.dcp"/>
  <File Type="PLACE-IO" Name="lab02_io_placed.rpt"/>
  <File Type="PLACE-CLK" Name="lab02_clock_utilization_placed.rpt"/>
  <File Type="PLACE-UTIL" Name="lab02_utilization_placed.rpt"/>
  <File Type="PLACE-UTIL-PB" Name="lab02_utilization_placed.pb"/>
  <File Type="PLACE-CTRL" Name="lab02_control_sets_placed.rpt"/>
  <File Type="PLACE-SIMILARITY" Name="lab02_incremental_reuse_placed.rpt"/>
  <File Type="PLACE-PRE-SIMILARITY" Name="lab02_incremental_reuse_pre_placed.rpt"/>
  <File Type="BG-BGN" Name="lab02.bgn"/>
  <File Type="PLACE-TIMING" Name="lab02_timing_summary_placed.rpt"/>
  <File Type="POSTPLACE-PWROPT-DCP" Name="lab02_postplace_pwropt.dcp"/>
  <File Type="BG-BIN" Name="lab02.bin"/>
  <File Type="POSTPLACE-PWROPT-TIMING" Name="lab02_timing_summary_postplace_pwropted.rpt"/>
  <File Type="PHYSOPT-DCP" Name="lab02_physopt.dcp"/>
  <File Type="PHYSOPT-DRC" Name="lab02_drc_physopted.rpt"/>
  <File Type="BITSTR-MSK" Name="lab02.msk"/>
  <File Type="PHYSOPT-TIMING" Name="lab02_timing_summary_physopted.rpt"/>
  <File Type="ROUTE-ERROR-DCP" Name="lab02_routed_error.dcp"/>
  <File Type="ROUTE-DCP" Name="lab02_routed.dcp"/>
  <File Type="ROUTE-BLACKBOX-DCP" Name="lab02_routed_bb.dcp"/>
  <File Type="ROUTE-DRC" Name="lab02_drc_routed.rpt"/>
  <File Type="ROUTE-DRC-PB" Name="lab02_drc_routed.pb"/>
  <File Type="BITSTR-LTX" Name="debug_nets.ltx"/>
  <File Type="BITSTR-LTX" Name="lab02.ltx"/>
  <File Type="ROUTE-DRC-RPX" Name="lab02_drc_routed.rpx"/>
  <File Type="BITSTR-MMI" Name="lab02.mmi"/>
  <File Type="ROUTE-METHODOLOGY-DRC" Name="lab02_methodology_drc_routed.rpt"/>
  <File Type="ROUTE-METHODOLOGY-DRC-RPX" Name="lab02_methodology_drc_routed.rpx"/>
  <File Type="BITSTR-SYSDEF" Name="lab02.sysdef"/>
  <File Type="ROUTE-METHODOLOGY-DRC-PB" Name="lab02_methodology_drc_routed.pb"/>
  <File Type="ROUTE-PWR-RPX" Name="lab02_power_routed.rpx"/>
  <File Type="ROUTE-STATUS" Name="lab02_route_status.rpt"/>
  <File Type="ROUTE-STATUS-PB" Name="lab02_route_status.pb"/>
  <File Type="ROUTE-TIMINGSUMMARY" Name="lab02_timing_summary_routed.rpt"/>
  <File Type="ROUTE-TIMING-PB" Name="lab02_timing_summary_routed.pb"/>
  <File Type="ROUTE-TIMING-RPX" Name="lab02_timing_summary_routed.rpx"/>
  <File Type="ROUTE-SIMILARITY" Name="lab02_incremental_reuse_routed.rpt"/>
  <File Type="ROUTE-CLK" Name="lab02_clock_utilization_routed.rpt"/>
  <File Type="ROUTE-BUS-SKEW" Name="lab02_bus_skew_routed.rpt"/>
  <File Type="ROUTE-BUS-SKEW-PB" Name="lab02_bus_skew_routed.pb"/>
  <File Type="ROUTE-BUS-SKEW-RPX" Name="lab02_bus_skew_routed.rpx"/>
  <File Type="POSTROUTE-PHYSOPT-DCP" Name="lab02_postroute_physopt.dcp"/>
  <File Type="POSTROUTE-PHYSOPT-BLACKBOX-DCP" Name="lab02_postroute_physopt_bb.dcp"/>
  <File Type="POSTROUTE-PHYSOPT-TIMING" Name="lab02_timing_summary_postroute_physopted.rpt"/>
  <File Type="POSTROUTE-PHYSOPT-TIMING-PB" Name="lab02_timing_summary_postroute_physopted.pb"/>
  <File Type="POSTROUTE-PHYSOPT-TIMING-RPX" Name="lab02_timing_summary_postroute_physopted.rpx"/>
  <File Type="POSTROUTE-PHYSOPT-BUS-SKEW" Name="lab02_bus_skew_postroute_physopted.rpt"/>
  <File Type="POSTROUTE-PHYSOPT-BUS-SKEW-PB" Name="lab02_bus_skew_postroute_physopted.pb"/>
  <File Type="BG-BIT" Name="lab02.bit"/>
  <File Type="POSTROUTE-PHYSOPT-BUS-SKEW-RPX" Name="lab02_bus_skew_postroute_physopted.rpx"/>
  <File Type="BITSTR-RBT" Name="lab02.rbt"/>
  <File Type="BITSTR-NKY" Name="lab02.nky"/>
  <File Type="BG-DRC" Name="lab02.drc"/>
  <File Type="RDI-RDI" Name="lab02.vdi"/>
  <File Type="WBT-USG" Name="usage_statistics_webtalk.html"/>
  <FileSet Name="sources" Type="DesignSrcs" RelSrcDir="$PSRCDIR/sources_1">
    <Filter Type="Srcs"/>
    <File Path="$PSRCDIR/sources_1/new/lab02.vhd">
      <FileInfo>
        <Attr Name="UsedIn" Val="synthesis"/>
        <Attr Name="UsedIn" Val="simulation"/>
      </FileInfo>
    </File>
    <Config>
      <Option Name="DesignMode" Val="RTL"/>
      <Option Name="TopModule" Val="lab02"/>
      <Option Name="TopAutoSet" Val="TRUE"/>
    </Config>
  </FileSet>
  <FileSet Name="constrs_in" Type="Constrs" RelSrcDir="$PSRCDIR/constrs_1">
    <Filter Type="Constrs"/>
    <Config>
      <Option Name="ConstrsType" Val="XDC"/>
    </Config>
  </FileSet>
  <FileSet Name="utils" Type="Utils" RelSrcDir="$PSRCDIR/utils_1">
    <Filter Type="Utils"/>
    <Config>
      <Option Name="TopAutoSet" Val="TRUE"/>
    </Config>
  </FileSet>
  <Strategy Version="1" Minor="2">
    <StratHandle Name="Vivado Implementation Defaults" Flow="Vivado Implementation 2018">
      <Desc>Default settings for Implementation.</Desc>
    </StratHandle>
    <Step Id="init_design"/>
    <Step Id="opt_design"/>
    <Step Id="power_opt_design"/>
    <Step Id="place_design"/>
    <Step Id="post_place_power_opt_design"/>
    <Step Id="phys_opt_design"/>
    <Step Id="route_design"/>
    <Step Id="post_route_phys_opt_design"/>
    <Step Id="write_bitstream"/>
  </Strategy>
</GenRun>
