<?xml version="1.0" encoding="UTF-8"?>
<GenRun Id="impl_1" LaunchPart="xc7a35tcpg236-1" LaunchTime="1667508481">
  <File Type="BITSTR-BMM" Name="alu_bd.bmm"/>
  <File Type="ROUTE-PWR" Name="alu_power_routed.rpt"/>
  <File Type="PA-TCL" Name="alu.tcl"/>
  <File Type="OPT-DCP" Name="alu_opt.dcp"/>
  <File Type="ROUTE-PWR-SUM" Name="alu_power_summary_routed.pb"/>
  <File Type="REPORTS-TCL" Name="alu_reports.tcl"/>
  <File Type="OPT-DRC" Name="alu_drc_opted.rpt"/>
  <File Type="OPT-HWDEF" Name="alu.hwdef"/>
  <File Type="PWROPT-DCP" Name="alu_pwropt.dcp"/>
  <File Type="PLACE-DCP" Name="alu_placed.dcp"/>
  <File Type="PLACE-IO" Name="alu_io_placed.rpt"/>
  <File Type="PLACE-UTIL" Name="alu_utilization_placed.rpt"/>
  <File Type="PLACE-UTIL-PB" Name="alu_utilization_placed.pb"/>
  <File Type="PLACE-CTRL" Name="alu_control_sets_placed.rpt"/>
  <File Type="PLACE-PRE-SIMILARITY" Name="alu_incremental_reuse_pre_placed.rpt"/>
  <File Type="BG-BGN" Name="alu.bgn"/>
  <File Type="POSTPLACE-PWROPT-DCP" Name="alu_postplace_pwropt.dcp"/>
  <File Type="BG-BIN" Name="alu.bin"/>
  <File Type="PHYSOPT-DCP" Name="alu_physopt.dcp"/>
  <File Type="BITSTR-MSK" Name="alu.msk"/>
  <File Type="ROUTE-ERROR-DCP" Name="alu_routed_error.dcp"/>
  <File Type="ROUTE-DCP" Name="alu_routed.dcp"/>
  <File Type="ROUTE-BLACKBOX-DCP" Name="alu_routed_bb.dcp"/>
  <File Type="ROUTE-DRC" Name="alu_drc_routed.rpt"/>
  <File Type="ROUTE-DRC-PB" Name="alu_drc_routed.pb"/>
  <File Type="BITSTR-LTX" Name="alu.ltx"/>
  <File Type="ROUTE-DRC-RPX" Name="alu_drc_routed.rpx"/>
  <File Type="BITSTR-MMI" Name="alu.mmi"/>
  <File Type="ROUTE-METHODOLOGY-DRC" Name="alu_methodology_drc_routed.rpt"/>
  <File Type="ROUTE-METHODOLOGY-DRC-RPX" Name="alu_methodology_drc_routed.rpx"/>
  <File Type="BITSTR-SYSDEF" Name="alu.sysdef"/>
  <File Type="ROUTE-METHODOLOGY-DRC-PB" Name="alu_methodology_drc_routed.pb"/>
  <File Type="ROUTE-PWR-RPX" Name="alu_power_routed.rpx"/>
  <File Type="ROUTE-STATUS" Name="alu_route_status.rpt"/>
  <File Type="ROUTE-STATUS-PB" Name="alu_route_status.pb"/>
  <File Type="ROUTE-TIMINGSUMMARY" Name="alu_timing_summary_routed.rpt"/>
  <File Type="ROUTE-TIMING-PB" Name="alu_timing_summary_routed.pb"/>
  <File Type="ROUTE-TIMING-RPX" Name="alu_timing_summary_routed.rpx"/>
  <File Type="RDI-RDI" Name="alu.vdi"/>
  <File Type="ROUTE-CLK" Name="alu_clock_utilization_routed.rpt"/>
  <File Type="ROUTE-BUS-SKEW" Name="alu_bus_skew_routed.rpt"/>
  <File Type="ROUTE-BUS-SKEW-PB" Name="alu_bus_skew_routed.pb"/>
  <File Type="ROUTE-BUS-SKEW-RPX" Name="alu_bus_skew_routed.rpx"/>
  <File Type="POSTROUTE-PHYSOPT-DCP" Name="alu_postroute_physopt.dcp"/>
  <File Type="POSTROUTE-PHYSOPT-BLACKBOX-DCP" Name="alu_postroute_physopt_bb.dcp"/>
  <File Type="BG-BIT" Name="alu.bit"/>
  <File Type="BITSTR-RBT" Name="alu.rbt"/>
  <File Type="BITSTR-NKY" Name="alu.nky"/>
  <File Type="BG-DRC" Name="alu.drc"/>
  <File Type="WBT-USG" Name="usage_statistics_webtalk.html"/>
  <FileSet Name="sources" Type="DesignSrcs" RelSrcDir="$PSRCDIR/sources_1">
    <Filter Type="Srcs"/>
    <File Path="$PSRCDIR/sources_1/new/addition.vhd">
      <FileInfo>
        <Attr Name="UsedIn" Val="synthesis"/>
        <Attr Name="UsedIn" Val="simulation"/>
      </FileInfo>
    </File>
    <File Path="$PSRCDIR/sources_1/new/and_gate.vhd">
      <FileInfo>
        <Attr Name="UsedIn" Val="synthesis"/>
        <Attr Name="UsedIn" Val="simulation"/>
      </FileInfo>
    </File>
    <File Path="$PSRCDIR/sources_1/new/full_adder.vhd">
      <FileInfo>
        <Attr Name="UsedIn" Val="synthesis"/>
        <Attr Name="UsedIn" Val="simulation"/>
      </FileInfo>
    </File>
    <File Path="$PSRCDIR/sources_1/new/half_adder.vhd">
      <FileInfo>
        <Attr Name="UsedIn" Val="synthesis"/>
        <Attr Name="UsedIn" Val="simulation"/>
      </FileInfo>
    </File>
    <File Path="$PSRCDIR/sources_1/new/logical_shift.vhd">
      <FileInfo>
        <Attr Name="UsedIn" Val="synthesis"/>
        <Attr Name="UsedIn" Val="simulation"/>
      </FileInfo>
    </File>
    <File Path="$PSRCDIR/sources_1/new/ones_complement.vhd">
      <FileInfo>
        <Attr Name="UsedIn" Val="synthesis"/>
        <Attr Name="UsedIn" Val="simulation"/>
      </FileInfo>
    </File>
    <File Path="$PSRCDIR/sources_1/new/or_gate.vhd">
      <FileInfo>
        <Attr Name="UsedIn" Val="synthesis"/>
        <Attr Name="UsedIn" Val="simulation"/>
      </FileInfo>
    </File>
    <File Path="$PSRCDIR/sources_1/new/rotate.vhd">
      <FileInfo>
        <Attr Name="UsedIn" Val="synthesis"/>
        <Attr Name="UsedIn" Val="simulation"/>
      </FileInfo>
    </File>
    <File Path="$PSRCDIR/sources_1/new/subtraction.vhd">
      <FileInfo>
        <Attr Name="UsedIn" Val="synthesis"/>
        <Attr Name="UsedIn" Val="simulation"/>
      </FileInfo>
    </File>
    <File Path="$PSRCDIR/sources_1/new/xor_gate.vhd">
      <FileInfo>
        <Attr Name="UsedIn" Val="synthesis"/>
        <Attr Name="UsedIn" Val="simulation"/>
      </FileInfo>
    </File>
    <File Path="$PSRCDIR/sources_1/new/alu.vhd">
      <FileInfo>
        <Attr Name="UsedIn" Val="synthesis"/>
        <Attr Name="UsedIn" Val="simulation"/>
      </FileInfo>
    </File>
    <Config>
      <Option Name="DesignMode" Val="RTL"/>
      <Option Name="TopModule" Val="alu"/>
    </Config>
  </FileSet>
  <FileSet Name="constrs_in" Type="Constrs" RelSrcDir="$PSRCDIR/constrs_1">
    <Filter Type="Constrs"/>
    <File Path="$PSRCDIR/constrs_1/new/pins1.xdc">
      <FileInfo>
        <Attr Name="UsedIn" Val="synthesis"/>
        <Attr Name="UsedIn" Val="implementation"/>
      </FileInfo>
    </File>
    <Config>
      <Option Name="ConstrsType" Val="XDC"/>
    </Config>
  </FileSet>
  <FileSet Name="utils" Type="Utils" RelSrcDir="$PSRCDIR/utils_1">
    <Filter Type="Utils"/>
    <Config>
      <Option Name="TopAutoSet" Val="TRUE"/>
    </Config>
  </FileSet>
  <Strategy Version="1" Minor="2">
    <StratHandle Name="Vivado Implementation Defaults" Flow="Vivado Implementation 2018"/>
    <Step Id="init_design"/>
    <Step Id="opt_design"/>
    <Step Id="power_opt_design"/>
    <Step Id="place_design"/>
    <Step Id="post_place_power_opt_design"/>
    <Step Id="phys_opt_design"/>
    <Step Id="route_design"/>
    <Step Id="post_route_phys_opt_design"/>
    <Step Id="write_bitstream"/>
  </Strategy>
</GenRun>
